{
  "type": "minecraft:block",
  "pools": [
    {
      "rolls": 1.0,
      "entries": [
        {
          "type": "minecraft:alternatives",
          "children": [
            {
              "type": "minecraft:item",
              "conditions": [
                { "condition": "minecraft:match_tool", "predicate": { "items": "minecraft:shears" } }
              ],
              "name": "herbalbrews:tea_blossom"
            },
            {
              "type": "minecraft:item",
              "conditions": [
                { "condition": "minecraft:survives_explosion" }
              ],
              "name": "minecraft:allium"
            }
          ]
        }
      ]
    }
  ]
}
